epoch,train_loss,test_loss
1,2.254710751259381e-07,3.809457815862061e-08
2,2.5880515970300166e-08,1.8560235837128403e-08
3,3.810046282640893e-09,1.135116557227176e-13
4,1.1200518431567913e-13,1.1239372402064608e-13
5,1.1269500489860442e-13,1.1168948930865078e-13
6,1.0990570832711179e-13,1.1099211895166001e-13
7,1.092462615325234e-13,1.1029966477389512e-13
8,1.0913478779538133e-13,1.0961035410480407e-13
9,1.0766742972710425e-13,1.0893141721762465e-13
10,1.0666652863712198e-13,1.0825751577191005e-13
11,1.0641774252442577e-13,1.0758729858070283e-13
12,1.05073122105186e-13,1.069272403638518e-13
13,1.0436407611052502e-13,1.0627224062776177e-13
14,1.0499923108438833e-13,1.0561738183795417e-13
15,1.0467706915021427e-13,1.049682042675304e-13
16,1.0264064683634162e-13,1.043287682536264e-13
17,1.0400785233879907e-13,1.0368993193904906e-13
18,1.0089049502792509e-13,1.030659905294426e-13
19,1.0003176374251757e-13,1.0245123298986345e-13
20,9.881387151393622e-14,1.0184991481383861e-13
21,1.0048588643032235e-13,1.0124229742319163e-13
22,1.010138678839102e-13,1.0063110826401267e-13
23,1.000228024727488e-13,1.0002915718496964e-13
24,9.759032984664723e-14,9.944214708948982e-14
25,9.626035469482811e-14,9.886618772465307e-14
26,9.931445863451978e-14,9.827807580871546e-14
27,9.723478038090992e-14,9.770296212157325e-14
28,9.684960366779412e-14,9.713104683083985e-14
29,9.652367704486401e-14,9.656693779574836e-14
30,9.445192329269551e-14,9.60142894552464e-14
31,9.549144630680451e-14,9.546189725750769e-14
32,9.264456586057738e-14,9.492756041407265e-14
33,9.218400761972726e-14,9.439489459723594e-14
34,9.335868009381892e-14,9.386158639061206e-14
35,9.345988819821609e-14,9.332885145588686e-14
36,9.280215884763157e-14,9.280565207926868e-14
37,9.121408577723259e-14,9.229059980435036e-14
38,9.213197513116643e-14,9.177387311470192e-14
39,9.021360928792612e-14,9.126869588869587e-14
40,8.946726158857131e-14,9.077029492626786e-14
41,8.921558628037333e-14,9.02764089882619e-14
42,8.92478456995761e-14,8.978430520757697e-14
43,9.121610591693047e-14,8.928846635040781e-14
44,8.859937733289841e-14,8.880418305551828e-14
45,8.80689407712536e-14,8.832477595989951e-14
46,8.725529474569883e-14,8.785417055304223e-14
47,8.778147608486716e-14,8.73838165455637e-14
48,8.63962566310765e-14,8.692003009274502e-14
49,8.546886661679309e-14,8.646516120279501e-14
50,8.451430514081447e-14,8.601826323169186e-14
51,8.583853883226655e-14,8.556550785835184e-14
52,8.297487981531911e-14,8.512881155206541e-14
53,8.328834543163029e-14,8.469580966468174e-14
54,8.390801406823761e-14,8.426003154211014e-14
55,8.372694315747671e-14,8.382662443416449e-14
56,8.313852000775296e-14,8.339886398665841e-14
57,8.178263560885533e-14,8.29788494860484e-14
58,8.303453295766244e-14,8.255629930760747e-14
59,8.21742982904175e-14,8.213987690432017e-14
60,8.10469481240736e-14,8.172918179900901e-14
61,8.268669555750331e-14,8.13166056029286e-14
62,8.177293647174555e-14,8.090666943913818e-14
63,7.890702373729471e-14,8.051333647636668e-14
64,7.912660632237393e-14,8.012234471266137e-14
65,7.904319268613266e-14,7.973505278886968e-14
66,7.866993399763527e-14,7.934936683954597e-14
67,7.795989162117777e-14,7.896829620334528e-14
68,7.787441285084847e-14,7.859145327799092e-14
69,7.765372173681052e-14,7.82166987970713e-14
70,7.783511845032426e-14,7.784185351421974e-14
71,7.842020042776558e-14,7.746859523229816e-14
72,7.756944121316971e-14,7.709921703890135e-14
73,7.527637489583051e-14,7.67408014847211e-14
74,7.521844976846221e-14,7.638764498870374e-14
75,7.576547469110868e-14,7.603090452687998e-14
76,7.480245738686158e-14,7.568456495202214e-14
77,7.60770344155259e-14,7.533008098596986e-14
78,7.492753487971238e-14,7.498369465489332e-14
79,7.365473614589883e-14,7.464368817597551e-14
80,7.388726728976142e-14,7.430482959610782e-14
81,7.246299893947598e-14,7.397450572021665e-14
82,7.28527093795013e-14,7.364418997584179e-14
83,7.282673040467057e-14,7.331483103988415e-14
84,7.17119166647592e-14,7.299286365223742e-14
85,7.265248779919197e-14,7.26673021343889e-14
86,7.286249057716302e-14,7.234253818276353e-14
87,7.220197421713149e-14,7.202169701012347e-14
88,7.119457950152501e-14,7.17077371331469e-14
89,7.19147624886644e-14,7.139048534732413e-14
90,7.025503781705501e-14,7.108096798874933e-14
91,6.973070700770721e-14,7.077776746308197e-14
92,6.889026607742425e-14,7.047800182542232e-14
93,7.03290112372178e-14,7.017393393801697e-14
94,6.968454086605115e-14,6.987383626344198e-14
95,6.887269570030486e-14,6.957739099493556e-14
96,6.821119712086769e-14,6.928571892649352e-14
97,6.823697060550542e-14,6.899492099605303e-14
98,6.835235573751002e-14,6.870584288130866e-14
99,6.825575064731745e-14,6.841684811460628e-14
100,6.822246736856935e-14,6.812982795111056e-14
101,6.041211201944637e-14,6.787489068515139e-14
102,6.199563642127464e-14,6.761672656247636e-14
103,6.603671816053083e-14,6.734356250274499e-14
104,6.673134484228016e-14,6.706619377146346e-14
105,6.730585998206053e-14,6.678977507233556e-14
106,6.578798740990806e-14,6.651775620114888e-14
107,6.553696746804203e-14,6.624871210967297e-14
108,6.561344800408474e-14,6.59812441771053e-14
109,6.488221825041649e-14,6.571826484153172e-14
110,6.441391765409001e-14,6.545675121177007e-14
111,6.440351249807804e-14,6.519737007215642e-14
112,6.373879892038626e-14,6.494102605387846e-14
113,6.344180392749708e-14,6.468673185533284e-14
114,6.398236110984621e-14,6.443166584036569e-14
115,6.39336448230365e-14,6.41784070548948e-14
116,6.28102810309116e-14,6.392834971515136e-14
117,6.380686316765846e-14,6.367797795677789e-14
118,6.2021200112792e-14,6.343354389936468e-14
119,6.1630912673923e-14,6.319156047767445e-14
120,6.100375992524427e-14,6.295464875045922e-14
121,6.217323896928576e-14,6.271512443482147e-14
122,6.26379532958762e-14,6.247198023918034e-14
123,6.21654728968869e-14,6.223251047246439e-14
124,6.076547563195998e-14,6.199907361321196e-14
125,6.006550014043665e-14,6.176864609261454e-14
126,6.211457617786436e-14,6.153283076484624e-14
127,6.093273533170274e-14,6.130167953929868e-14
128,6.08208442783682e-14,6.107103280657451e-14
129,6.074779917243428e-14,6.084296173163635e-14
130,5.956202084279535e-14,6.061861455234751e-14
131,6.034940732232594e-14,6.039333970257483e-14
132,5.866289909622989e-14,6.017535746766483e-14
133,5.848293834073096e-14,5.995724987187863e-14
134,5.935444288298307e-14,5.973798658433921e-14
135,5.955403572767632e-14,5.951788812231379e-14
136,5.923911768702981e-14,5.930187269790731e-14
137,5.833315997800419e-14,5.908757471750469e-14
138,5.904551807477684e-14,5.887285152656255e-14
139,5.792180286562279e-14,5.866187086599455e-14
140,5.754784337594615e-14,5.845284922322697e-14
141,5.749612093532531e-14,5.824544236407003e-14
142,5.764157079028504e-14,5.803779155942428e-14
143,5.902541517078912e-14,5.78281017770679e-14
144,5.742988512725437e-14,5.762300325209881e-14
145,5.719533062496871e-14,5.741860505397052e-14
146,5.676703824077176e-14,5.721748148521631e-14
147,5.722110644741738e-14,5.701614683585165e-14
148,5.641674769767211e-14,5.6816852180637153e-14
149,5.5917076151941905e-14,5.6620513670408573e-14
150,5.5382859383897464e-14,5.6427271912635155e-14
151,5.6356474086754255e-14,5.623091307361584e-14
152,5.456817716599765e-14,5.6040654227069474e-14
153,5.486523070580415e-14,5.585117702252684e-14
154,5.538051330592148e-14,5.566005250830838e-14
155,5.5352227047223734e-14,5.546980619784963e-14
156,5.5061434334506207e-14,5.528053397528023e-14
157,5.4246114029746564e-14,5.509434664670472e-14
158,5.518093777458167e-14,5.4906539452320885e-14
159,5.4701384684364105e-14,5.4720973507115485e-14
160,5.403440668267246e-14,5.4536852938931285e-14
161,5.5225758658510907e-14,5.4351731177803424e-14
162,5.47071482353504e-14,5.416736124311955e-14
163,5.286678585951065e-14,5.398896865053786e-14
164,5.309763320351805e-14,5.3811129001064134e-14
165,5.312927743963188e-14,5.363468051850298e-14
166,5.295376065943139e-14,5.34579755543654e-14
167,5.256155858728842e-14,5.328315269743662e-14
168,5.2581498352730505e-14,5.310936186545077e-14
169,5.250888675825899e-14,5.2936013523476565e-14
170,5.271808929338279e-14,5.2762512715571855e-14
171,5.320183163915089e-14,5.2588688002268116e-14
172,5.2697829485011916e-14,5.241658649279227e-14
173,5.120787718556133e-14,5.2248373542170684e-14
174,5.1243838104862284e-14,5.208216738200773e-14
175,5.169565604989891e-14,5.191416720606249e-14
176,5.1108853341965896e-14,5.1750075240135885e-14
177,5.205823771868958e-14,5.158217060950709e-14
178,5.1342104768765505e-14,5.141724143621542e-14
179,5.0532641188616357e-14,5.1254668708583007e-14
180,5.0769055402559697e-14,5.1092382616899944e-14
181,4.9855385492430636e-14,5.093360324161852e-14
182,5.0191998215260664e-14,5.077401884622402e-14
183,5.02374304536899e-14,5.061485322391864e-14
184,4.9531905405584065e-14,5.045819109219217e-14
185,5.025532348259956e-14,5.0300055461950655e-14
186,5.047127703971957e-14,5.014180903979964e-14
187,5.0074494755498936e-14,4.9984903640210714e-14
188,4.943944359399365e-14,4.983111870999948e-14
189,5.0005614036228217e-14,4.967515487223472e-14
190,4.8912653136492285e-14,4.952259509047839e-14
191,4.8605835204157745e-14,4.937228197891136e-14
192,4.807872866784179e-14,4.922340441878333e-14
193,4.914944082420273e-14,4.907266880718221e-14
194,4.8758787500981835e-14,4.892270975538713e-14
195,4.8249071838563086e-14,4.877464771858072e-14
196,4.784057495315665e-14,4.862845254239006e-14
197,4.7915767185967904e-14,4.848254230808286e-14
198,4.8056205079216075e-14,4.833702001486549e-14
199,4.8045614118056785e-14,4.819125377615932e-14
200,4.808445918454314e-14,4.804597949418891e-14
201,4.264130591525683e-14,4.7916676187845576e-14
202,4.3797966860529506e-14,4.778549382361205e-14
203,4.669460961149357e-14,4.7646654281535345e-14
204,4.723696745036329e-14,4.7505184532750826e-14
205,4.769694211939407e-14,4.736435107511629e-14
206,4.667734182842425e-14,4.722517949612426e-14
207,4.655198373049868e-14,4.708759390162267e-14
208,4.6657906284755006e-14,4.6950335600651897e-14
209,4.619332172361209e-14,4.6815531323535914e-14
210,4.590748012175917e-14,4.668125864429762e-14
211,4.59492820108578e-14,4.654757787168288e-14
212,4.552847485681574e-14,4.6415352301671514e-14
213,4.5362243455070956e-14,4.6283620721274986e-14
214,4.580419394061052e-14,4.615135686537441e-14
215,4.58217830540987e-14,4.601981434273171e-14
216,4.5056034946001304e-14,4.5889837814601896e-14
217,4.582907743078991e-14,4.575924871224463e-14
218,4.4589156721281176e-14,4.563068266337858e-14
219,4.435625142602513e-14,4.550392248875608e-14
220,4.39460279147777e-14,4.53786425889122e-14
221,4.48357607754613e-14,4.5251723849721974e-14
222,4.521827292621296e-14,4.512380256233538e-14
223,4.492719574595043e-14,4.499688721127694e-14
224,4.395086847090203e-14,4.48726376423101e-14
225,4.348807118315914e-14,4.4749530551382516e-14
226,4.5022662762675066e-14,4.462388913787675e-14
227,4.420500363054147e-14,4.4500064101823074e-14
228,4.416818727572642e-14,4.4376741525713715e-14
229,4.4161478978072075e-14,4.4254040671787635e-14
230,4.333875465667653e-14,4.4133261905025467e-14
231,4.3958320429602746e-14,4.401179195937833e-14
232,4.276707914402985e-14,4.3893621037654175e-14
233,4.2673344174157075e-14,4.3775671699749013e-14
234,4.335423696205567e-14,4.365687634533613e-14
235,4.354927568328603e-14,4.3537475192959375e-14
236,4.3352624685662545e-14,4.341958311448145e-14
237,4.2725817424782343e-14,4.3302795228153566e-14
238,4.3292586482141397e-14,4.318517386140558e-14
239,4.250426569138866e-14,4.306997534769992e-14
240,4.2265741891068207e-14,4.295562589982059e-14
241,4.22667094398632e-14,4.2841647791185335e-14
242,4.2420020675369014e-14,4.2727974953224275e-14
243,4.347786057367449e-14,4.2612449145987794e-14
244,4.2334839111960246e-14,4.2498741410269304e-14
245,4.220042999265481e-14,4.2386270342653806e-14
246,4.191969068010693e-14,4.227528226032236e-14
247,4.2295479184967233e-14,4.216342275049478e-14
248,4.1735425879152464e-14,4.2052822270439995e-14
249,4.140440181194579e-14,4.1943857580412945e-14
250,4.103990896577557e-14,4.183649615434846e-14
251,4.180074292752618e-14,4.1727138441033894e-14
252,4.0506413903683515e-14,4.162101605476465e-14
253,4.075953191227857e-14,4.1515282287211615e-14
254,4.1183320317363106e-14,4.1408271871600473e-14
255,4.119484240490065e-14,4.130158603901472e-14
256,4.101500070835279e-14,4.1195272562112585e-14
257,4.043702398208622e-14,4.109101161544823e-14
258,4.117459103297792e-14,4.0985433024331127e-14
259,4.085102688658167e-14,4.088083631380648e-14
260,4.038350982961273e-14,4.0776815924499154e-14
261,4.131156239306748e-14,4.067213484949296e-14
262,4.095845532989294e-14,4.056777225887494e-14
263,3.960818452326863e-14,4.046657147284243e-14
264,3.9813061599943985e-14,4.036565054649568e-14
265,3.987092198011379e-14,4.026486446779415e-14
266,3.9766928424810226e-14,4.016421357555099e-14
267,3.9506213885931016e-14,4.0064682460864107e-14
268,3.955092109803873e-14,3.996550100137785e-14
269,3.952606383199938e-14,3.986613251701684e-14
270,3.971836165625638e-14,3.9766765049095364e-14
271,4.011801131641006e-14,3.966715058636647e-14
272,3.9765662144435404e-14,3.956804298815321e-14
273,3.866713146097019e-14,3.947143108781574e-14
274,3.872487698347235e-14,3.9375369420080813e-14
275,3.909850016718761e-14,3.927843293671795e-14
276,3.8682440598933594e-14,3.9183228127512464e-14
277,3.94335085418529e-14,3.9085941311322624e-14
278,3.891898047868499e-14,3.899029401210549e-14
279,3.8329798489084457e-14,3.889593217008911e-14
280,3.8541481983710764e-14,3.88016157290387e-14
281,3.787393613113128e-14,3.870890729533536e-14
282,3.8158232948176314e-14,3.861583870322285e-14
283,3.821818793918073e-14,3.852274063436377e-14
284,3.7707613859691917e-14,3.843123464863235e-14
285,3.8290477661132286e-14,3.8338517744599535e-14
286,3.8484947718323175e-14,3.824556536540739e-14
287,3.8207119556371054e-14,3.815355217634715e-14
288,3.774934060002747e-14,3.8062826138553567e-14
289,3.820961244209746e-14,3.797112702931017e-14
290,3.740012050328524e-14,3.78810318616557e-14
291,3.7189969494548415e-14,3.779257214521579e-14
292,3.6811614852552427e-14,3.770454543201851e-14
293,3.766060397157643e-14,3.7615222080785576e-14
294,3.738703414918202e-14,3.7526422534727225e-14
295,3.702157819266945e-14,3.7438534734933296e-14
296,3.673178230220557e-14,3.735167760482959e-14
297,3.681430858673129e-14,3.7265161659597036e-14
298,3.694847162602488e-14,3.7178437683072635e-14
299,3.6965290176700294e-14,3.709117262190153e-14
300,3.702308482711339e-14,3.7004595351483596e-14
301,3.2859409976522014e-14,3.6926692037258723e-14
302,3.3767067307978286e-14,3.684775161589323e-14
303,3.601804825123208e-14,3.676469156508547e-14
304,3.645881255183231e-14,3.6680004194579453e-14
305,3.6837323522229037e-14,3.6595186042186374e-14
306,3.607458109360431e-14,3.651138128001139e-14
307,3.600079537594263e-14,3.642819044731658e-14
308,3.610534116284649e-14,3.634535977303094e-14
309,3.57699907562771e-14,3.6263538762018425e-14
310,3.556896520617555e-14,3.618219988215949e-14
311,3.5622559386321894e-14,3.610092571561772e-14
312,3.532018827531649e-14,3.602049282219917e-14
313,3.5210824293958104e-14,3.594034520947725e-14
314,3.557919031686426e-14,3.585964668652644e-14
315,3.561618466718284e-14,3.577963392144973e-14
316,3.5037110592792434e-14,3.5700294716972667e-14
317,3.566506634564582e-14,3.5620192166403544e-14
318,3.4718532285611624e-14,3.554175217210329e-14
319,3.455885649536212e-14,3.54640836554114e-14
320,3.4257570331918186e-14,3.538723709949152e-14
321,3.497323277198072e-14,3.530976475563021e-14
322,3.529340353498368e-14,3.523110825970864e-14
323,3.5089457754093175e-14,3.515309584764016e-14
324,3.4342148130242154e-14,3.507672024203896e-14
325,3.40008939040304e-14,3.500093247730315e-14
326,3.5225099916200584e-14,3.49235458531761e-14
327,3.4602759060051255e-14,3.484708215614838e-14
328,3.4594573435292947e-14,3.4770491742991755e-14
329,3.461098835782833e-14,3.469448171681058e-14
330,3.398450590020208e-14,3.461958333666939e-14
331,3.449247454022646e-14,3.4544240433637474e-14
332,3.357508053116018e-14,3.44707067929809e-14
333,3.3518273368697646e-14,3.439705287364581e-14
334,3.4074747299624566e-14,3.432291851722304e-14
335,3.425246231667043e-14,3.424846127184078e-14
336,3.411228344609753e-14,3.417484529958173e-14
337,3.363580994744761e-14,3.410156271949072e-14
338,3.41037537734967e-14,3.4028259471795795e-14
339,3.349914275688941e-14,3.395553966039494e-14
340,3.332727801006298e-14,3.3883350430432246e-14
341,3.33459679783914e-14,3.3811600302349407e-14
342,3.348956747293718e-14,3.3739571331020335e-14
343,3.43433444626362e-14,3.366667228744784e-14
344,3.345486895460015e-14,3.359495502424335e-14
345,3.3367067552166843e-14,3.3523584028107705e-14
346,3.316067303290714e-14,3.345264230826973e-14
347,3.347692891127185e-14,3.338145223837161e-14
348,3.304945720035684e-14,3.3310921837732823e-14
349,3.2805503969666464e-14,3.3241000284376514e-14
350,3.252970562052848e-14,3.3171820731882005e-14
351,3.3151291312924016e-14,3.310189409632801e-14
352,3.213905538050751e-14,3.3033845163411496e-14
353,3.23545772896376e-14,3.2965546186368955e-14
354,3.2710387370472103e-14,3.289672848634951e-14
355,3.2734554372422076e-14,3.282790976989053e-14
356,3.260858248054161e-14,3.275955658273936e-14
357,3.2161826082525256e-14,3.2692070418513e-14
358,3.2767856523064235e-14,3.2623857161204714e-14
359,3.25262516573388e-14,3.2556201251575724e-14
360,3.216753937057646e-14,3.248897766756301e-14
361,3.2924703172447934e-14,3.242103003978699e-14
362,3.265929944223206e-14,3.2353312127346263e-14
363,3.159468570286279e-14,3.2287803954458326e-14
364,3.177315805206679e-14,3.222221141708885e-14
365,3.183550574174061e-14,3.2156877055361696e-14
366,3.1764839104322584e-14,3.2091392260583104e-14
367,3.1572796829905773e-14,3.202644990570394e-14
368,3.1622416748404264e-14,3.1961884141673125e-14
369,3.1615781193939426e-14,3.189717099390948e-14
370,3.178667383493361e-14,3.183196927754187e-14
371,3.21237248295512e-14,3.1766911387368697e-14
372,3.185398945754637e-14,3.1702249061581895e-14
373,3.0985523493526605e-14,3.163906463888146e-14
374,3.1046764060316387e-14,3.15765695315935e-14
375,3.136238576511349e-14,3.15132480589622e-14
376,3.104182543471742e-14,3.1451178839840123e-14
377,3.1660422896518994e-14,3.138722361715769e-14
378,3.126062119395128e-14,3.1324657697915334e-14
379,3.0798437039477594e-14,3.126292559790626e-14
380,3.098499824839601e-14,3.120130157930126e-14
381,3.046087497906094e-14,3.114077446836295e-14
382,3.070397944885685e-14,3.107980520622618e-14
383,3.076474730349943e-14,3.101887575463792e-14
384,3.036656336609833e-14,3.0958875837005984e-14
385,3.085231128259762e-14,3.0897941980846405e-14
386,3.1024508947253635e-14,3.08369427337433e-14
387,3.081215804148687e-14,3.077621436777672e-14
388,3.0456168271082936e-14,3.0716482451369293e-14
389,3.084158318680417e-14,3.065587995449868e-14
390,3.020108670459087e-14,3.0596524967752784e-14
391,3.004316511957513e-14,3.053839783996723e-14
392,2.974999165135275e-14,3.048027071218167e-14
393,3.045136349363029e-14,3.042125487742785e-14
394,3.02428478683454e-14,3.036254024759008e-14
395,2.99600396947645e-14,3.030437923848663e-14
396,2.973733159199123e-14,3.024684181503895e-14
397,2.9816084632728126e-14,3.018926712214159e-14
398,2.993833472960099e-14,3.013186454633911e-14
399,2.996455636243046e-14,3.0074069794282056e-14
400,3.0026239927451657e-14,3.001660928142599e-14
401,2.6664134021949815e-14,2.996499244887303e-14
402,2.7408689060775052e-14,2.99126010893931e-14
403,2.9244764060767663e-14,2.985697728277986e-14
404,2.961364037020256e-14,2.9800538461064764e-14
405,2.9932786206398686e-14,2.974392142361757e-14
406,2.9325621097464225e-14,2.9687833951169e-14
407,2.927777442550015e-14,2.963198110684682e-14
408,2.9374084002838084e-14,2.9576470463835334e-14
409,2.911361642488498e-14,2.952137435874823e-14
410,2.8960071289701106e-14,2.9466334157835647e-14
411,2.9014128170065224e-14,2.941164259568415e-14
412,2.8780275756448875e-14,2.9357240888207207e-14
413,2.870089545393322e-14,2.9303223394875136e-14
414,2.90144776389186e-14,2.9248722923356544e-14
415,2.905646436754698e-14,2.9194348998560265e-14
416,2.859141903742142e-14,2.9140483971158706e-14
417,2.9118198771485666e-14,2.9086512725825557e-14
418,2.835428040702027e-14,2.903319640636722e-14
419,2.823519697670203e-14,2.898049994561969e-14
420,2.7997765052672564e-14,2.892839081751778e-14
421,2.859438104387533e-14,2.887554121321339e-14
422,2.886710027578412e-14,2.8822098855252504e-14
423,2.871251188400043e-14,2.876899717394301e-14
424,2.8107709065252566e-14,2.871696580346566e-14
425,2.783886173953029e-14,2.8665504316755227e-14
426,2.8854332998992127e-14,2.8612461758345445e-14
427,2.8352932828423166e-14,2.856046918197708e-14
428,2.8357087575851424e-14,2.850822910258153e-14
429,2.8382372170012665e-14,2.8456456585372865e-14
430,2.7877564724710074e-14,2.840543199825662e-14
431,2.8306204866753848e-14,2.835385921141692e-14
432,2.7562035651436086e-14,2.8303765513509707e-14
433,2.752433882281303e-14,2.825371772478824e-14
434,2.7993234408962972e-14,2.820289659498593e-14
435,2.8153046283525785e-14,2.8151841345276998e-14
436,2.804460563584255e-14,2.8101524030671715e-14
437,2.766169588782545e-14,2.8051470651532794e-14
438,2.8058467973769404e-14,2.800101764224936e-14
439,2.7569530436122618e-14,2.7951352712420053e-14
440,2.7436866475739072e-14,2.7901959849573402e-14
441,2.746233497769382e-14,2.7852829058720633e-14
442,2.7593623966434744e-14,2.7803500062158203e-14
443,2.830791553449412e-14,2.7753460235546442e-14
444,2.7582654398488693e-14,2.7704210521267877e-14
445,2.752078987334865e-14,2.7655235245664222e-14
446,2.7359260707247912e-14,2.7606624702447656e-14
447,2.7631529791967206e-14,2.755791149883788e-14
448,2.7287705854140732e-14,2.750950593759455e-14
449,2.7096769025482726e-14,2.7461662975634785e-14
450,2.6877008292434035e-14,2.7414488492076993e-14
451,2.7401929280458172e-14,2.7366332297333336e-14
452,2.6573377677317376e-14,2.731974887336614e-14
453,2.6760506974292864e-14,2.727314715348728e-14
454,2.7067040913420848e-14,2.7225895759337876e-14
455,2.7095839423763773e-14,2.7178672147869146e-14
456,2.7002100083200988e-14,2.7131613707825128e-14
457,2.6639752619020233e-14,2.7085401623102005e-14
458,2.7153795976054412e-14,2.7038374523277035e-14
459,2.6963399503594776e-14,2.6991841243660318e-14
460,2.6674223725951578e-14,2.6945593414146822e-14
461,2.7313096056369836e-14,2.6898706752384507e-14
462,2.7102658886022117e-14,2.6851937658795272e-14
463,2.6226116903307417e-14,2.6806840777650506e-14
464,2.6383662524279192e-14,2.676173152982471e-14
465,2.644567619498059e-14,2.671667530626141e-14
466,2.6394447760915264e-14,2.6671700567267638e-14
467,2.6245166386299964e-14,2.6626923864576934e-14
468,2.6294837753579673e-14,2.658235112741993e-14
469,2.6297655832195188e-14,2.653750157989576e-14
470,2.645066552397178e-14,2.6492653218217718e-14
471,2.6742149296989656e-14,2.6447568026127625e-14
472,2.6525138744395428e-14,2.640280673943656e-14
473,2.5808877079344693e-14,2.6359121184588512e-14
474,2.5868984942855428e-14,2.6315719893997557e-14
475,2.6141837141996273e-14,2.627161421080767e-14
476,2.5882874555243187e-14,2.6228769082049883e-14
477,2.640843085185908e-14,2.6184261566429817e-14
478,2.608316603271133e-14,2.614085824295979e-14
479,2.5704174794633502e-14,2.6097880130029288e-14
480,2.5869978902137714e-14,2.605476971055242e-14
481,2.5439668394181295e-14,2.6012619487624564e-14
482,2.5651412434722673e-14,2.5970101821804187e-14
483,2.5709460957850727e-14,2.5927501316161568e-14
484,2.5384305558419103e-14,2.588576444531197e-14
485,2.5800565009508015e-14,2.584314598257087e-14
486,2.5953903773584617e-14,2.5800494654951417e-14
487,2.5783505901475585e-14,2.575807490613974e-14
488,2.5493793799510845e-14,2.571649914095671e-14
489,2.582517777101681e-14,2.5674015187047635e-14
490,2.5296262954883733e-14,2.563241909307387e-14
491,2.517133452289099e-14,2.5591814027648394e-14
492,2.4933444421799694e-14,2.555138124872439e-14
493,2.5530959470713337e-14,2.5509948632109447e-14
494,2.5364068687700436e-14,2.546880959711402e-14
495,2.513472989243144e-14,2.5428129823382595e-14
496,2.4955263143488017e-14,2.538813157236053e-14
497,2.5029107323363717e-14,2.5347927153519105e-14
498,2.5140429136676383e-14,2.530772968034785e-14
499,2.517049011574587e-14,2.5267344674082067e-14
500,2.523172507517754e-14,2.52270333596827e-14
501,2.241638199491729e-14,2.5191939260018648e-14
502,2.3048017148779265e-14,2.515607029461445e-14
503,2.459844832911214e-14,2.5117604834413738e-14
504,2.4915711346591793e-14,2.5078000961931916e-14
505,2.5192193861181935e-14,2.5038469595470377e-14
506,2.468916582881362e-14,2.499904732685245e-14
507,2.465669156817411e-14,2.4960166651100993e-14
508,2.4745603583267195e-14,2.49213057959205e-14
509,2.4534905662296993e-14,2.4882930290618787e-14
510,2.4412252564088482e-14,2.4844686583643667e-14
511,2.4465437644261966e-14,2.4806474555700772e-14
512,2.4277138967480818e-14,2.4768941001148628e-14
513,2.421715785398031e-14,2.4731216355963586e-14
514,2.4491373555937666e-14,2.46933783777702e-14
515,2.453580885352865e-14,2.4655576313773777e-14
516,2.4148104373869668e-14,2.461792654630127e-14
517,2.4603372250219143e-14,2.4580062140679928e-14
518,2.396434935122418e-14,2.454319062707936e-14
519,2.3871989488519296e-14,2.450658779232966e-14
520,2.3678148421054378e-14,2.4470834701032644e-14
521,2.419116957872781e-14,2.4433901354026926e-14
522,2.4429979218786644e-14,2.4396482148922662e-14
523,2.4308098580744708e-14,2.4359282494758328e-14
524,2.3800900351067175e-14,2.4323236838281333e-14
525,2.3581281157223972e-14,2.4287517628302208e-14
526,2.445122587136305e-14,2.4250317635324693e-14
527,2.403259943752501e-14,2.421412561155441e-14
528,2.404403397573713e-14,2.4177546832540412e-14
529,2.407408641671451e-14,2.4141500667843647e-14
530,2.3652658811038584e-14,2.4105833973907255e-14
531,2.402533170849032e-14,2.4069884370966477e-14
532,2.3400326730433968e-14,2.403510096298748e-14
533,2.3374857347564954e-14,2.4000170679495425e-14
534,2.3782029829195724e-14,2.3964799091837855e-14
535,2.3927886937596477e-14,2.3928966887663568e-14
536,2.384107359909614e-14,2.3893854830901035e-14
537,2.3522040418282e-14,2.3858860342311582e-14
538,2.3868569626876073e-14,2.3823529920455247e-14
539,2.345899638282224e-14,2.3788940821834348e-14
540,2.335280642026447e-14,2.375447217129855e-14
541,2.3382192652888176e-14,2.371993575812697e-14
542,2.3503471236851862e-14,2.3685463719459385e-14
543,2.411957716817975e-14,2.3650203601337672e-14
544,2.35071811733982e-14,2.3615709539813457e-14
545,2.346202493218449e-14,2.3581145513367798e-14
546,2.333098109171916e-14,2.3547039392933423e-14
547,2.357140964890942e-14,2.3512984772102245e-14
548,2.3284863078475158e-14,2.3478938791007124e-14
549,2.3129630264025202e-14,2.3445355628714386e-14
550,2.2947893517605116e-14,2.3412089426150512e-14
551,2.3404225182633047e-14,2.337825113753406e-14
552,2.2702585593240878e-14,2.33452946102157e-14
553,2.2868885215019233e-14,2.331238145098424e-14
554,2.313954051562676e-14,2.3279087296333103e-14
555,2.3170388117253704e-14,2.3245772304671466e-14
556,2.3097903289733076e-14,2.3212527616744452e-14
557,2.2793205497806175e-14,2.317981198559629e-14
558,2.3241869600366992e-14,2.3146516983912208e-14
559,2.3085866900730616e-14,2.311352877756162e-14
560,2.2844123511236992e-14,2.3080698288745812e-14
561,2.3399413883026712e-14,2.3047479520026982e-14
562,2.3226232338780483e-14,2.3014328852757113e-14
563,2.2480360841348625e-14,2.2982346921547862e-14
564,2.2621946582824938e-14,2.2950294686603993e-14
565,2.2682193529145615e-14,2.291818095706815e-14
566,2.2643814737356066e-14,2.2886086201070328e-14
567,2.252305770545932e-14,2.285428604313156e-14
568,2.2571588170181055e-14,2.2822652073057043e-14
569,2.2580100817419643e-14,2.2790755692175465e-14
570,2.2719100567307993e-14,2.2758788668746088e-14
571,2.2977286153797903e-14,2.2726721695428934e-14
572,2.2796375518611274e-14,2.2694746709889854e-14
573,2.2185927259151276e-14,2.2663685672900858e-14
574,2.224434478371247e-14,2.2632858755818485e-14
575,2.248600573995967e-14,2.2601420789167964e-14
576,2.2269303287129676e-14,2.2570790044916177e-14
577,2.2728553556643302e-14,2.2538950076428887e-14
578,2.245461737555854e-14,2.2507803658518808e-14
579,2.2133098186925524e-14,2.2477088888598653e-14
580,2.2283200285644734e-14,2.2446306525449304e-14
581,2.191820809661145e-14,2.2416238211074493e-14
582,2.2107173269737476e-14,2.2385858188575092e-14
583,2.21628189128601e-14,2.235547816607569e-14
584,2.188821908146116e-14,2.2325635331871437e-14
585,2.2254513634472825e-14,2.229511758181481e-14
586,2.2393638660534072e-14,2.2264387057081836e-14
587,2.2251899267281125e-14,2.2233966885220734e-14
588,2.2007876833998958e-14,2.2204028336293442e-14
589,2.2300373031617368e-14,2.2173480093050716e-14
590,2.1849367035423323e-14,2.214376414438196e-14
591,2.17469179938771e-14,2.2114584875788588e-14
592,2.15469434422565e-14,2.2085401880250244e-14
593,2.2070041632318804e-14,2.2055601567099943e-14
594,2.1931735924286778e-14,2.2025938812100278e-14
595,2.1739000726097138e-14,2.1996546091204196e-14
596,2.1589025936429898e-14,2.1967649223395438e-14
597,2.1658395546177113e-14,2.1938571429349145e-14
598,2.176066511838247e-14,2.1909454671787278e-14
599,2.179236630899168e-14,2.1880188667020103e-14
600,2.1852023584855797e-14,2.1850956882384002e-14
601,1.9420925447588058e-14,2.1824683106206298e-14
602,1.9970435048211663e-14,2.1797740004593675e-14
603,2.1316186595249192e-14,2.17694070913212e-14
604,2.1595906673051646e-14,2.174071673014498e-14
605,2.1840602683874128e-14,2.171168772519645e-14
606,2.1410473373205788e-14,2.168307156410641e-14
607,2.1387807144231757e-14,2.16547054471424e-14
608,2.1469862122684962e-14,2.162635728727687e-14
609,2.129290438697526e-14,2.1597975584906632e-14
610,2.1190700629229905e-14,2.156984087734381e-14
611,2.1241555132130337e-14,2.1541812895932347e-14
612,2.1083537629103645e-14,2.151388045983733e-14
613,2.1035356870404515e-14,2.148595937398381e-14
614,2.127955341977932e-14,2.1457890057364516e-14
615,2.1323268773246457e-14,2.142986817459027e-14
616,2.0989392746106373e-14,2.14020024846915e-14
617,2.1391930415915698e-14,2.137404582345419e-14
618,2.0840207425027294e-14,2.134657197099682e-14
619,2.076447077025952e-14,2.1319129797571675e-14
620,2.0599321080410357e-14,2.1292146546597353e-14
621,2.1049890295594824e-14,2.126462017809725e-14
622,2.1262813812574595e-14,2.1236869345866126e-14
623,2.1162063173731572e-14,2.120914629631567e-14
624,2.072332651754114e-14,2.1181997873916634e-14
625,2.0536215262367428e-14,2.1155047826633844e-14
626,2.1299439957671003e-14,2.112747300784916e-14
627,2.093815218252924e-14,2.1100114860092383e-14
628,2.0952864738247233e-14,2.10728659795858e-14
629,2.098353371756626e-14,2.1045611339255177e-14
630,2.0620118365067588e-14,2.1018638252676222e-14
631,2.0949961448117226e-14,2.099169887800857e-14
632,2.0408303360105888e-14,2.0965153881881155e-14
633,2.0389642699117448e-14,2.0938562129535054e-14
634,2.074940408700694e-14,2.091179792128089e-14
635,2.0882312094523247e-14,2.0884790953384045e-14
636,2.080941052679257e-14,2.0858140078138225e-14
637,2.0534133661958892e-14,2.0831550697484376e-14
638,2.0841574925839316e-14,2.08048156271636e-14
639,2.0487219014228e-14,2.077834601696849e-14
640,2.0397567962888433e-14,2.0751974662595265e-14
641,2.042708665452443e-14,2.072576068694364e-14
642,2.0538440638148433e-14,2.0699370359032395e-14
643,2.1080559562905053e-14,2.067273744088506e-14
644,2.054841622987154e-14,2.0646494666113226e-14
645,2.0513118994766078e-14,2.062015719305789e-14
646,2.0401665450889458e-14,2.0594176490279936e-14
647,2.0616401618376353e-14,2.0567955738364732e-14
648,2.0369086869672163e-14,2.0541954537389456e-14
649,2.0237509957491805e-14,2.0516217102473956e-14
650,2.0081220333914878e-14,2.049079611906755e-14
651,2.0484819708701607e-14,2.046476544134571e-14
652,1.9873845424840706e-14,2.0439531313407466e-14
653,2.0022557779662702e-14,2.0414254664415273e-14
654,2.0264329358412812e-14,2.038877337226302e-14
655,2.0294353491549094e-14,2.0363122842927908e-14
656,2.0234987171502363e-14,2.033752635429483e-14
657,1.997025007315664e-14,2.0312326954707426e-14
658,2.0368247883537908e-14,2.0286760112227503e-14
659,2.0234942482044064e-14,2.026129542192102e-14
660,2.0025863444323972e-14,2.0235944234029464e-14
661,2.0517176451990018e-14,2.021063997176319e-14
662,2.036905493653005e-14,2.018505618862432e-14
663,1.9717527425660046e-14,2.0160293011004752e-14
664,1.984490969516033e-14,2.0135523565341372e-14
665,1.9901604998451848e-14,2.0110809176819567e-14
666,1.9870555633576867e-14,2.0086021096431347e-14
667,1.9768444608998574e-14,2.006134092804061e-14
668,1.981388230232e-14,2.003685964298589e-14
669,1.9824204770975666e-14,2.0012192010682768e-14
670,1.9950397619870757e-14,1.9987417482821708e-14
671,2.0181354265009662e-14,1.9962558421072508e-14
672,2.002507273906771e-14,1.9937828277737882e-14
673,1.9490983974642262e-14,1.9913666493510865e-14
674,1.9545712687658825e-14,1.9889744927827686e-14
675,1.97617765962312e-14,1.986527414598151e-14
676,1.9574269268451354e-14,1.984152706908547e-14
677,1.9981511342309068e-14,1.9816937363813496e-14
678,1.9743910469087945e-14,1.9792674105039396e-14
679,1.9463145338975827e-14,1.9768800312014445e-14
680,1.9599130312257648e-14,1.9744891113012298e-14
681,1.9280880281165877e-14,1.9721501314613407e-14
682,1.9450223800543483e-14,1.9697754237717366e-14
683,1.9501509782027248e-14,1.967392093286729e-14
684,1.926267867815353e-14,1.9650607367433652e-14
685,1.958883013750915e-14,1.962677389317699e-14
686,1.9714970707530734e-14,1.9602883498306273e-14
687,1.959257878346118e-14,1.9579026137720497e-14
688,1.9380466114181154e-14,1.9555722567275637e-14
689,1.9641189987363445e-14,1.9531890109458512e-14
690,1.924686301448767e-14,1.9508628382441245e-14
691,1.9159239302626038e-14,1.9485931456993207e-14
692,1.8986170024126637e-14,1.9463345662267852e-14
693,1.9450688177886488e-14,1.9440102061755658e-14
694,1.933179451682975e-14,1.9416987718471213e-14
695,1.91646684280641e-14,1.939411630423604e-14
696,1.903504753518752e-14,1.937153525289519e-14
697,1.909928629367872e-14,1.934891354397287e-14
698,1.919285661728721e-14,1.932633791364288e-14
699,1.9223490343094975e-14,1.9303460739583667e-14
700,1.9279950645565606e-14,1.928067419804981e-14
701,1.713986803303217e-14,1.9260316099975733e-14
702,1.7626509027189726e-14,1.9239603772723112e-14
703,1.881544677278125e-14,1.9217591249896456e-14
704,1.906493405935119e-14,1.9195225175517618e-14
705,1.9283666053944783e-14,1.9172656829670974e-14
706,1.890727737541937e-14,1.9150387317048122e-14
707,1.8890258653917866e-14,1.912828805804767e-14
708,1.89654673191683e-14,1.910615610357545e-14
709,1.881283955454762e-14,1.9084395657753898e-14
710,1.8724882535221247e-14,1.9062601838834223e-14
711,1.8772686144030282e-14,1.9040928806812827e-14
712,1.86366430134663e-14,1.901935487764626e-14
713,1.8596410981350795e-14,1.8997727754810605e-14
714,1.881634217130979e-14,1.8975959855099116e-14
715,1.885833130551174e-14,1.8954257007517978e-14
716,1.8564846942316402e-14,1.8932782858832598e-14
717,1.8925309266910406e-14,1.8911053245010325e-14
718,1.843957047295596e-14,1.8889730545815915e-14
719,1.8375667774786583e-14,1.8868540153167862e-14
720,1.8232170466295563e-14,1.8847682136248317e-14
721,1.8634084923143615e-14,1.8826544429049586e-14
722,1.8825839308002314e-14,1.8804846663666128e-14
723,1.8740157876570052e-14,1.8783278324917014e-14
724,1.835312976966011e-14,1.8762345769098107e-14
725,1.81906295819293e-14,1.874151536545264e-14
726,1.8870614282745806e-14,1.8720110334655755e-14
727,1.8552712881944796e-14,1.869898042016014e-14
728,1.8568723964581918e-14,1.8677711422854586e-14
729,1.8599216235887488e-14,1.865668044180721e-14
730,1.8279929199299052e-14,1.8635823271920607e-14
731,1.8576025303883954e-14,1.8614889191442395e-14
732,1.8098145290084463e-14,1.8594300192186896e-14
733,1.8084290219700294e-14,1.8573672229415823e-14
734,1.8406765674649443e-14,1.855300987710709e-14
735,1.8528736877454098e-14,1.8531987535795775e-14
736,1.846606767101416e-14,1.8511227774698108e-14
737,1.8224280320510572e-14,1.8490765830384697e-14
738,1.8500847944971252e-14,1.846995795781563e-14
739,1.8188737615256995e-14,1.84494384152618e-14
740,1.8111684908458417e-14,1.8428981214332896e-14
741,1.8140862296638646e-14,1.8408701212696553e-14
742,1.8243932247216523e-14,1.8388173030406667e-14
743,1.8728241986474668e-14,1.8367404968386117e-14
744,1.825760190208854e-14,1.8346918629523824e-14
745,1.8229281491022364e-14,1.8326453974704983e-14
746,1.8132734896925128e-14,1.830624817315482e-14
747,1.832708401475181e-14,1.8285922601145917e-14
748,1.810977034294708e-14,1.8265639211377788e-14
749,1.799595083276087e-14,1.8245576050175942e-14
750,1.7859063938796808e-14,1.822574971938615e-14
751,1.8221317594078655e-14,1.8205499872122733e-14
752,1.7680384117342704e-14,1.8185761463352866e-14
753,1.7815026746691035e-14,1.8166014753660115e-14
754,1.8033827774469828e-14,1.814608372959804e-14
755,1.8062805567806366e-14,1.812599566562755e-14
756,1.8013282194123203e-14,1.8106043296335205e-14
757,1.7779406021232687e-14,1.8086368415036382e-14
758,1.8137647213680754e-14,1.8066374879942803e-14
759,1.8021526992603212e-14,1.804659818528372e-14
760,1.7837595490643163e-14,1.8026834873745203e-14
761,1.8278641912507134e-14,1.800683557882758e-14
762,1.8149579027995547e-14,1.7986846956525097e-14
763,1.7571091100404645e-14,1.7967481750471788e-14
764,1.768713851900037e-14,1.7948020999102032e-14
765,1.7740679141253465e-14,1.792866680447704e-14
766,1.77150821105193e-14,1.7909188773635158e-14
767,1.7627162182765683e-14,1.788980239175817e-14
768,1.7669754954997494e-14,1.7870492920472793e-14
769,1.7681097412257915e-14,1.7851140081100515e-14
770,1.7797021477445533e-14,1.7831656968060953e-14
771,1.800654863794637e-14,1.7812180631284965e-14
772,1.7869094782479067e-14,1.7792774598243603e-14
773,1.7394304990510713e-14,1.7773638938119e-14
774,1.7445680283148438e-14,1.7754616102782974e-14
775,1.7641316713178026e-14,1.773535508178218e-14
776,1.7476287403651326e-14,1.7716534348507368e-14
777,1.7842694586633986e-14,1.7697239615595273e-14
778,1.763304407272504e-14,1.7678120896129616e-14
779,1.7383789169644175e-14,1.7659151423869267e-14
780,1.75082771021527e-14,1.7640185170334118e-14
781,1.7226096563045065e-14,1.7621527575604948e-14
782,1.7379778976858695e-14,1.7602752412702698e-14
783,1.7427635804747808e-14,1.758396725481167e-14
784,1.72163060395506e-14,1.7565470935155658e-14
785,1.7510878289511743e-14,1.7546643764430448e-14
786,1.7626512584728104e-14,1.7527638377973134e-14
787,1.7519183091805735e-14,1.7508758013578835e-14
788,1.7331782346181642e-14,1.7490315904031445e-14
789,1.756727250647183e-14,1.7471407587549887e-14
790,1.721681236196515e-14,1.74528080992809e-14
791,1.7140318612208464e-14,1.743444950718211e-14
792,1.6987445064037483e-14,1.741620187639941e-14
793,1.7405743069320554e-14,1.7397694545315082e-14
794,1.7301557830461024e-14,1.7379218723856393e-14
795,1.7153778702658997e-14,1.7360794571407487e-14
796,1.7039474791270912e-14,1.734252390132862e-14
797,1.7098823264333445e-14,1.732428270799632e-14
798,1.7184711990138888e-14,1.730606946675128e-14
799,1.721423783920329e-14,1.7287585683182887e-14
800,1.7267418692682368e-14,1.7269243015303506e-14
801,1.535451074011901e-14,1.7252763481094904e-14
802,1.5791042781305975e-14,1.723608387770416e-14
803,1.6856522535630858e-14,1.7218354461678593e-14
804,1.708161699279676e-14,1.720017222183942e-14
805,1.727926717589581e-14,1.7181994894791344e-14
806,1.6944383069434213e-14,1.716389058198332e-14
807,1.6931005175060878e-14,1.7145937379853086e-14
808,1.7000063864424145e-14,1.7128076843127282e-14
809,1.686552021934603e-14,1.7110165653831232e-14
810,1.6787844214882884e-14,1.7092453178464608e-14
811,1.6832215459842396e-14,1.7074638720331133e-14
812,1.6712326543542963e-14,1.705710158078459e-14
813,1.6677513294593233e-14,1.7039550041677946e-14
814,1.6877327519817576e-14,1.7021781831543393e-14
815,1.6917180403045232e-14,1.7004161005141662e-14
816,1.665438245110698e-14,1.6986484105158823e-14
817,1.6980603968557666e-14,1.6968812456780256e-14
818,1.6546047047267436e-14,1.6951419312834748e-14
819,1.6490637226587657e-14,1.6934149835699535e-14
820,1.6362990437168277e-14,1.6917157338338078e-14
821,1.6725326703573468e-14,1.689969914226222e-14
822,1.689939194035291e-14,1.6882048161487568e-14
823,1.6824756326772614e-14,1.6864551340709313e-14
824,1.6477765332756355e-14,1.6847355894253693e-14
825,1.6333666596991468e-14,1.683030274933321e-14
826,1.6946643791900104e-14,1.6812790851368498e-14
827,1.66621163193132e-14,1.679553916192518e-14
828,1.667828677966968e-14,1.6778177866418487e-14
829,1.6707534056538388e-14,1.676083656088935e-14
830,1.642213323369056e-14,1.6743799340188276e-14
831,1.6690453103526246e-14,1.6726590002392322e-14
832,1.6262264701093905e-14,1.6709830777904537e-14
833,1.625130736430361e-14,1.6693049869373305e-14
834,1.6543067702049093e-14,1.667602484594667e-14
835,1.665534067406922e-14,1.6658911731093526e-14
836,1.659990594215046e-14,1.664198902924692e-14
837,1.6383743896340818e-14,1.6625063447488297e-14
838,1.6634622459937615e-14,1.6608026396193812e-14
839,1.6355179514374844e-14,1.6591212792190815e-14
840,1.6286942845075898e-14,1.6574448485505346e-14
841,1.631507350382123e-14,1.6557810556135608e-14
842,1.6410411983296124e-14,1.6541122990635162e-14
843,1.6847486218742957e-14,1.6524030712792517e-14
844,1.6425139514556623e-14,1.6507177806460768e-14
845,1.640137596286976e-14,1.6490467201664155e-14
846,1.631581796107857e-14,1.647383147458008e-14
847,1.6492796364392187e-14,1.6457100371586147e-14
848,1.629844076676346e-14,1.644050801258897e-14
849,1.6198038885266138e-14,1.6424007810776457e-14
850,1.6075837848541575e-14,1.640772766812364e-14
851,1.6403763816510703e-14,1.639106653005115e-14
852,1.59181748542143e-14,1.6374887014912464e-14
853,1.6040765432920975e-14,1.635874815735525e-14
854,1.6240183653301814e-14,1.6342273366531154e-14
855,1.626747585107332e-14,1.6325842452013726e-14
856,1.6224814909629916e-14,1.6309556888350045e-14
857,1.6014841481350488e-14,1.6293286232466237e-14
858,1.6340009061115895e-14,1.6276906139925645e-14
859,1.6236976447750332e-14,1.626059719815262e-14
860,1.6072353688627327e-14,1.6244336537257592e-14
861,1.6472008371686387e-14,1.622796254335422e-14
862,1.635731444397774e-14,1.6211527393672052e-14
863,1.583685973362953e-14,1.6195631719273996e-14
864,1.594302214220553e-14,1.6179804654544665e-14
865,1.599316767005878e-14,1.616382503918153e-14
866,1.5971316532419564e-14,1.6147861602147695e-14
867,1.589399440138112e-14,1.6132040297242406e-14
868,1.5933647232367295e-14,1.611619239550257e-14
869,1.5945172945205856e-14,1.6100276985236843e-14
870,1.605181423232891e-14,1.6084228421391805e-14
871,1.624296799459504e-14,1.6068257953984503e-14
872,1.6120027006828415e-14,1.605227207057756e-14
873,1.5692654483471527e-14,1.6036614666547565e-14
874,1.574083003291803e-14,1.6021067376800713e-14
875,1.5919118143985676e-14,1.6005299858487574e-14
876,1.5771673797485724e-14,1.598974553836726e-14
877,1.610419697748377e-14,1.5973787861157464e-14
878,1.5916314498811585e-14,1.5958172893478124e-14
879,1.5692193502730642e-14,1.5942580287468593e-14
880,1.58067195061575e-14,1.5927078568094303e-14
881,1.555322804920633e-14,1.591179673847312e-14
882,1.5693582975577317e-14,1.5896354226701844e-14
883,1.573790429641492e-14,1.5880804819372623e-14
884,1.554838050506018e-14,1.5865578301002895e-14
885,1.581661184301222e-14,1.5850142734901784e-14
886,1.592297636211976e-14,1.583462136436312e-14
887,1.5827152456533126e-14,1.5819227641689604e-14
888,1.5659240363544072e-14,1.580390549330013e-14
889,1.5873569514759153e-14,1.5788297640697547e-14
890,1.5558401218228388e-14,1.577309136641526e-14
891,1.5490592037987593e-14,1.5758079401491073e-14
892,1.5353946819464046e-14,1.5743043804347657e-14
893,1.573388413405165e-14,1.5727780270638135e-14
894,1.5641222973257095e-14,1.5712582720795202e-14
895,1.550899146554477e-14,1.5697501045059455e-14
896,1.540698174610697e-14,1.568258183024299e-14
897,1.546217686087528e-14,1.5667504474375276e-14
898,1.5541498167546162e-14,1.565257467164697e-14
899,1.5569728801590257e-14,1.563746334975807e-14
900,1.561982340582272e-14,1.5622285451079516e-14
901,1.3892270351735623e-14,1.5608873446689395e-14
902,1.4287728393116854e-14,1.5595181582613503e-14
903,1.5252054371737793e-14,1.5580683681985006e-14
904,1.5457164772108798e-14,1.556575150756445e-14
905,1.563731594061426e-14,1.5550902765889196e-14
906,1.5336054400418107e-14,1.5536092903026224e-14
907,1.532537318789829e-14,1.5521334200953265e-14
908,1.538922572477653e-14,1.5506527218002313e-14
909,1.5269458586403923e-14,1.5491967399265367e-14
910,1.5200171198144897e-14,1.5477430704527884e-14
911,1.5241624948231875e-14,1.546282387546237e-14
912,1.5134975444889232e-14,1.5448342153163162e-14
913,1.5104541347806476e-14,1.5433924974774535e-14
914,1.5287571149312852e-14,1.5419332460565827e-14
915,1.532537460244331e-14,1.5404756717609475e-14
916,1.508785842404658e-14,1.5390348433066795e-14
917,1.5385761097442044e-14,1.5375816397010522e-14
918,1.4993127809295952e-14,1.53615645594532e-14
919,1.4944556644641106e-14,1.534738268681732e-14
920,1.482990712686988e-14,1.5333447639582273e-14
921,1.5159821818084878e-14,1.5319170645146417e-14
922,1.5319325846993343e-14,1.5304648180562446e-14
923,1.525353151249451e-14,1.5290374320148498e-14
924,1.4939455710588786e-14,1.5276213538633004e-14
925,1.4810357064346164e-14,1.5262276035002408e-14
926,1.536822354284936e-14,1.5247770511077386e-14
927,1.5111090919956837e-14,1.523359736288086e-14
928,1.5127345651621236e-14,1.5219291315214917e-14
929,1.5155545487547372e-14,1.5205159925742692e-14
930,1.489805698376206e-14,1.5191091386115157e-14
931,1.514318184736574e-14,1.5176887151809472e-14
932,1.4755828301927132e-14,1.5163128710943924e-14
933,1.474713907373003e-14,1.5149324869112406e-14
934,1.5013735095992786e-14,1.5135365427328477e-14
935,1.5117730828171022e-14,1.5121250554998724e-14
936,1.506816484026028e-14,1.510733100846661e-14
937,1.4873099649250323e-14,1.509348735608657e-14
938,1.5102863045195115e-14,1.5079461422216282e-14
939,1.4850249919058602e-14,1.506559405291372e-14
940,1.4789382148409567e-14,1.505183374857569e-14
941,1.4816312451354354e-14,1.5038149507796322e-14
942,1.4905182097859422e-14,1.502425444051638e-14
943,1.530349835027721e-14,1.501017158603204e-14
944,1.492067357660538e-14,1.49963375051243e-14
945,1.4900698811761912e-14,1.4982515367381123e-14
946,1.4824135825532115e-14,1.496887813693033e-14
947,1.4986613998876626e-14,1.4955066332989105e-14
948,1.4811231956207054e-14,1.4941450363065288e-14
949,1.4721782778229806e-14,1.4927912997798973e-14
950,1.4611694727697122e-14,1.4914500824002264e-14
951,1.4911454605532736e-14,1.490081946313492e-14
952,1.4471190079782376e-14,1.4887555096587506e-14
953,1.458385440643512e-14,1.487427505993057e-14
954,1.4767285108635433e-14,1.4860789109564155e-14
955,1.4793256976859747e-14,1.4847272242495164e-14
956,1.4756064581767768e-14,1.483383609766605e-14
957,1.4566058134099025e-14,1.4820507017801464e-14
958,1.4863871606454813e-14,1.4806986932007276e-14
959,1.4771493151376733e-14,1.4793500304014504e-14
960,1.4622771089557165e-14,1.478016063623808e-14
961,1.4988197230509985e-14,1.4766672483586003e-14
962,1.4885427527700923e-14,1.4753100982891914e-14
963,1.441255835752948e-14,1.473996011374821e-14
964,1.4510530355611013e-14,1.4726855158801473e-14
965,1.455787643957359e-14,1.471367058275769e-14
966,1.4538826245073367e-14,1.4700563679635173e-14
967,1.4470190792662853e-14,1.4687484728599912e-14
968,1.4507400035240153e-14,1.467436537409307e-14
969,1.4519063585750218e-14,1.4661267110706616e-14
970,1.4617970894552768e-14,1.4648124886310196e-14
971,1.479396445265861e-14,1.463481283180785e-14
972,1.4682896046192775e-14,1.4621644603499954e-14
973,1.4294468217337495e-14,1.46087245558456e-14
974,1.4339858485284203e-14,1.4595883875178402e-14
975,1.450377446317536e-14,1.4582790355176452e-14
976,1.4370590687142413e-14,1.4569987621585292e-14
977,1.4675342443538388e-14,1.4556866827122438e-14
978,1.4505326134361104e-14,1.454390366549107e-14
979,1.4301796551579564e-14,1.4531072048076407e-14
980,1.4407853911129442e-14,1.451821806899194e-14
981,1.4177879409163204e-14,1.450552663553005e-14
982,1.4307123855187035e-14,1.4492635725809082e-14
983,1.434863130716287e-14,1.4479898976084512e-14
984,1.4177070882333731e-14,1.4467280387456087e-14
985,1.4423319775599073e-14,1.445447875500776e-14
986,1.4521928615402e-14,1.4441596569726146e-14
987,1.4435358045014677e-14,1.4428811708530175e-14
988,1.4283440449757637e-14,1.4416061660388336e-14
989,1.448031591958247e-14,1.440321488108392e-14
990,1.4194040772385827e-14,1.4390565545159508e-14
991,1.4133191915982503e-14,1.4378069437495254e-14
992,1.400974153107173e-14,1.4365682004158134e-14
993,1.4357999228979287e-14,1.435306290730994e-14
994,1.4274595655489443e-14,1.434042653098962e-14
995,1.4155251821832228e-14,1.4327913736776305e-14
996,1.406313721751722e-14,1.431544659763885e-14
997,1.4114721405420394e-14,1.4302955656875575e-14
998,1.4188612976789492e-14,1.4290591855757682e-14
999,1.421560484208889e-14,1.4277996221722126e-14
1000,1.42628589975657e-14,1.4265455898938026e-14
1001,1.2687597342845593e-14,1.4254398476734683e-14
1002,1.3049350774350108e-14,1.4243057383197307e-14
1003,1.3930371968933842e-14,1.4230921942161994e-14
1004,1.411876619103144e-14,1.421854806135203e-14
1005,1.428424176833673e-14,1.4206167573685078e-14
1006,1.4010433633222602e-14,1.4193848834719979e-14
1007,1.4001974315178373e-14,1.4181569906303402e-14
1008,1.4061453061908194e-14,1.4169337734105513e-14
1009,1.3953378535746076e-14,1.415714079847823e-14
1010,1.3890966005700146e-14,1.414501543713499e-14
1011,1.3929899172083343e-14,1.4132866697682406e-14
1012,1.3833921496135462e-14,1.4120940050268592e-14
1013,1.3807111260110945e-14,1.4108859412264966e-14
1014,1.3975986488853333e-14,1.4096722531273644e-14
1015,1.4011828501669151e-14,1.4084595729974393e-14
1016,1.379514880861445e-14,1.4072532964365956e-14
1017,1.4069284652305542e-14,1.406045088640632e-14
1018,1.3711077857865465e-14,1.4048517801542107e-14
1019,1.3667749556103576e-14,1.4036588020106387e-14
1020,1.3563654949769406e-14,1.4025013823101927e-14
1021,1.3866778895188005e-14,1.4013103354017405e-14
1022,1.4013883522183803e-14,1.4001043637727577e-14
1023,1.3954995868925893e-14,1.3988974688778625e-14
1024,1.366827445395066e-14,1.3977224732437607e-14
1025,1.3551368169357408e-14,1.3965639185191652e-14
1026,1.4063375123661115e-14,1.3953526783452506e-14
1027,1.3828917047606164e-14,1.3941728376826905e-14
1028,1.3844958072857972e-14,1.3929801136490028e-14
1029,1.3872174020723564e-14,1.3917941912898815e-14
1030,1.3637452492011029e-14,1.3906283690225986e-14
1031,1.3863185662841139e-14,1.3894449369403422e-14
1032,1.3509501304361393e-14,1.3882943443254509e-14
1033,1.3502372886835538e-14,1.387134849394284e-14
1034,1.374785066671669e-14,1.3859750918829035e-14
1035,1.3844840318337645e-14,1.3847925830665595e-14
1036,1.3799944920920041e-14,1.383629886350852e-14
1037,1.362217876849515e-14,1.3824775488480894e-14
1038,1.3834210148023227e-14,1.3812990888492335e-14
1039,1.3603632253666683e-14,1.3801428041729366e-14
1040,1.3548815779566458e-14,1.3789991487578833e-14
1041,1.3574602444036853e-14,1.3778479208682815e-14
1042,1.3657788634991114e-14,1.3767009620247339e-14
1043,1.4023887184578783e-14,1.3755185717930028e-14
1044,1.3673701419454707e-14,1.3743618551299028e-14
1045,1.3656623066833715e-14,1.373205875385467e-14
1046,1.3587301890430423e-14,1.37206548951759e-14
1047,1.3737594300512226e-14,1.3709113817159677e-14
1048,1.3577747807712856e-14,1.3697699455272362e-14
1049,1.34971323871645e-14,1.368635861584487e-14
1050,1.3396856112182928e-14,1.3675143645513338e-14
1051,1.3672977934733139e-14,1.3663622726881259e-14
1052,1.327008191069482e-14,1.3652446550658712e-14
1053,1.3374174797552108e-14,1.3641295954831171e-14
1054,1.3543937437302348e-14,1.3629926231580177e-14
1055,1.3568696040944e-14,1.3618628252019816e-14
1056,1.3535657724124254e-14,1.3607330611272632e-14
1057,1.3362061735127262e-14,1.3596111236369775e-14
1058,1.3636887944551684e-14,1.3584825454083854e-14
1059,1.355331092412523e-14,1.3573545939841742e-14
1060,1.3417557394125915e-14,1.3562355279355797e-14
1061,1.3754134922736981e-14,1.3550996313423232e-14
1062,1.3660958732029179e-14,1.3539573311799857e-14
1063,1.322767463020813e-14,1.3528548754474868e-14
1064,1.331862384424266e-14,1.3517473968096107e-14
1065,1.3363224846889114e-14,1.350641485182687e-14
1066,1.334619165806487e-14,1.349529381744919e-14
1067,1.328447765914988e-14,1.3484336429836919e-14
1068,1.3319557401605475e-14,1.347328569919386e-14
1069,1.3331059329758877e-14,1.3462249706924084e-14
1070,1.3423265345869554e-14,1.3451155862304011e-14
1071,1.3586316452299587e-14,1.3439989935180125e-14
1072,1.3484878818914363e-14,1.3428900156318199e-14
1073,1.31287814668558e-14,1.3417952509584822e-14
1074,1.3171568565386368e-14,1.3407143606848204e-14
1075,1.3323326308585602e-14,1.339622416631197e-14
1076,1.3201744825639978e-14,1.338541467065229e-14
1077,1.348313055138156e-14,1.3374334209152782e-14
1078,1.3327681608004782e-14,1.3363342855519325e-14
1079,1.3141225634459726e-14,1.3352555043903095e-14
1080,1.3240058582239838e-14,1.3341658388553142e-14
1081,1.3029438689944736e-14,1.3330973491440002e-14
1082,1.314921323985563e-14,1.3320177463604184e-14
1083,1.3188259519018603e-14,1.3309426921437632e-14
1084,1.3031307363210991e-14,1.3298783783048792e-14
1085,1.3259000280289847e-14,1.328792083961014e-14
1086,1.335079474850244e-14,1.3277023252523945e-14
1087,1.3271784362215507e-14,1.3266207658227044e-14
1088,1.3133074627937968e-14,1.3255497688938666e-14
1089,1.331511226587191e-14,1.3244631357368226e-14
1090,1.305294982581332e-14,1.3234010072429425e-14
1091,1.2997687295692742e-14,1.3223496360674925e-14
1092,1.2885004791712948e-14,1.3213073704962255e-14
1093,1.320660081470461e-14,1.3202406680244303e-14
1094,1.3130831447524414e-14,1.3191814956755361e-14
1095,1.3022059186442327e-14,1.3181210104255738e-14
1096,1.2938230919103057e-14,1.317084123513522e-14
1097,1.2986645264078051e-14,1.3160401130543837e-14
1098,1.3055622926269583e-14,1.314990325830545e-14
1099,1.3081407066581797e-14,1.3139352361804568e-14
1100,1.3126167828112433e-14,1.3128833652555679e-14
1101,1.1678391924907776e-14,1.3119582189299179e-14
1102,1.2011747653589678e-14,1.3110165808727847e-14
1103,1.2822999997916836e-14,1.3099994213580744e-14
1104,1.2997253479298476e-14,1.3089548687978498e-14
1105,1.3150390869762196e-14,1.3079076142025235e-14
1106,1.2899390994106693e-14,1.306870464710258e-14
1107,1.2892620541174676e-14,1.3058440894770816e-14
1108,1.2948410849054361e-14,1.3048149020945203e-14
1109,1.2849930233098991e-14,1.3037991825358203e-14
1110,1.2793262610844188e-14,1.3027798292057765e-14
1111,1.283008572498215e-14,1.3017633303767651e-14
1112,1.2742938570797302e-14,1.3007575719255248e-14
1113,1.2719026873047961e-14,1.2997593266565266e-14
1114,1.2875934949260998e-14,1.2987473933351009e-14
1115,1.2910215524601187e-14,1.2977328257412091e-14
1116,1.2710968074532842e-14,1.2967235690438968e-14
1117,1.2965054792358025e-14,1.2957089929796756e-14
1118,1.2635645440999358e-14,1.2947127551787624e-14
1119,1.2597067444001272e-14,1.2937271984633141e-14
1120,1.2501748556398447e-14,1.2927564055321365e-14
1121,1.2782399887634101e-14,1.2917549754192566e-14
1122,1.2918908810086107e-14,1.2907447446340549e-14
1123,1.2865817293171975e-14,1.289732540262086e-14
1124,1.2601981022835988e-14,1.2887489401927459e-14
1125,1.2495145756697682e-14,1.2877783505494756e-14
1126,1.2968570732948452e-14,1.2867579214875888e-14
1127,1.275310574443242e-14,1.2857597693922149e-14
1128,1.2768800646610992e-14,1.2847565181584986e-14
1129,1.279513389297192e-14,1.2837594079136497e-14
1130,1.2579392500664542e-14,1.2827922656944747e-14
1131,1.2788872235790661e-14,1.2817951469792964e-14
1132,1.2463436222813939e-14,1.2808325533270483e-14
1133,1.2457726475360452e-14,1.2798691634638296e-14
1134,1.2685250671946543e-14,1.2788845723659412e-14
1135,1.2776186053933043e-14,1.2778936708725957e-14
1136,1.273530328028548e-14,1.276913645282293e-14
1137,1.257201574154888e-14,1.275941268399504e-14
1138,1.2768963056708297e-14,1.2749489523611367e-14
1139,1.2556854368483127e-14,1.2739800906650788e-14
1140,1.2507062400652388e-14,1.273017217491958e-14
1141,1.2531796126936381e-14,1.272058249140724e-14
1142,1.2610122983045869e-14,1.2710833057481049e-14
1143,1.2949179522983665e-14,1.270093293639354e-14
1144,1.2626286150448671e-14,1.2691165884182046e-14
1145,1.2611566742234134e-14,1.2681478029551119e-14
1146,1.2548225516794505e-14,1.2671737320064285e-14
1147,1.268820330174573e-14,1.2662093341740027e-14
1148,1.2541302665694618e-14,1.2652473503854764e-14
1149,1.2467924430172873e-14,1.2642923292077767e-14
1150,1.237592486987276e-14,1.263347455484785e-14
1151,1.263221523708385e-14,1.2623829898897235e-14
1152,1.2260790044574407e-14,1.261448839603844e-14
1153,1.2357639495301932e-14,1.2605115044740829e-14
1154,1.2515976744795882e-14,1.2595647672786073e-14
1155,1.2539741795731065e-14,1.2586086110767583e-14
1156,1.2510167784373282e-14,1.2576513622024072e-14
1157,1.2350301022075487e-14,1.2567107151738224e-14
1158,1.2605697218955806e-14,1.2557493666600067e-14
1159,1.2529427729642234e-14,1.2548081521193472e-14
1160,1.2404641497540674e-14,1.253857213640453e-14
1161,1.2716805097156983e-14,1.2529035731264574e-14
1162,1.2631770917481038e-14,1.2519404797247704e-14
1163,1.2231694513658199e-14,1.2510161550210791e-14
1164,1.2316850589845582e-14,1.2500857316801676e-14
1165,1.235920911511583e-14,1.2491597806732175e-14
1166,1.2344005568279631e-14,1.2482300264883344e-14
1167,1.2288048293265384e-14,1.247302813402293e-14
1168,1.2321403205589827e-14,1.2463794881974796e-14
1169,1.2332747670318334e-14,1.2454524360476981e-14
1170,1.2419277329014304e-14,1.244519903594748e-14
1171,1.2571414915668404e-14,1.2435848554539445e-14
1172,1.2478188504377158e-14,1.2426444794759027e-14
1173,1.214940724488954e-14,1.241736206046562e-14
1174,1.2189955804747104e-14,1.2408225454876767e-14
1175,1.2331522462571119e-14,1.2398949258258206e-14
1176,1.2219733332711124e-14,1.2389907689766034e-14
1177,1.2481378811621345e-14,1.2380489530425513e-14
1178,1.233811890105445e-14,1.2371267543915578e-14
1179,1.2166157448476434e-14,1.2362176085182813e-14
1180,1.2258985601816541e-14,1.2353057690802326e-14
1181,1.206471196309579e-14,1.2344113446395794e-14
1182,1.2176542046998784e-14,1.23351220222541e-14
1183,1.221362446333289e-14,1.2326029885894977e-14
1184,1.2068966643471167e-14,1.2317167380167856e-14
1185,1.2281264880729275e-14,1.2308023066579183e-14
1186,1.2367336701176596e-14,1.2298811413871202e-14
1187,1.2294852076943875e-14,1.2289772132367989e-14
1188,1.2167203652750907e-14,1.2280812726071701e-14
1189,1.2336776718057221e-14,1.2271625722022486e-14
1190,1.2094862143204955e-14,1.22626197289141e-14
1191,1.2044474101348574e-14,1.2253804318218845e-14
1192,1.1940740212465321e-14,1.224501508084166e-14
1193,1.2239739429303312e-14,1.2236058893270573e-14
1194,1.2170437107853426e-14,1.2227133791808649e-14
1195,1.2070498832899125e-14,1.2218202252896326e-14
1196,1.1993589096791711e-14,1.2209425636310056e-14
1197,1.2039275123232611e-14,1.220061556192237e-14
1198,1.2104109887986818e-14,1.219170435180078e-14
1199,1.2128856539993585e-14,1.2182815333942409e-14
1200,1.2171515795841425e-14,1.2173880999821361e-14
1201,1.0830278244080908e-14,1.2165708571836367e-14
1202,1.113944564675839e-14,1.2157502940159841e-14
1203,1.189204975169018e-14,1.214885193855965e-14
1204,1.205435405458161e-14,1.2140055162589234e-14
1205,1.2197112140478902e-14,1.2131253473827725e-14
1206,1.1965282831175755e-14,1.2122446618165238e-14
1207,1.1959923535133864e-14,1.2113720992962393e-14
1208,1.201237068867403e-14,1.2105014171890977e-14
1209,1.1921843542686788e-14,1.2096349194247154e-14
1210,1.1869953270957794e-14,1.2087710051108223e-14
1211,1.1904828878473101e-14,1.2079096996584067e-14
1212,1.1824896920339555e-14,1.2070530105355537e-14
1213,1.1803267739213838e-14,1.2061965077599492e-14
1214,1.1949847824116391e-14,1.2053284175736262e-14
1215,1.1982544812069382e-14,1.2044633597652543e-14
1216,1.1797944890999668e-14,1.2036036806160974e-14
1217,1.2034943557676612e-14,1.2027460004646962e-14
1218,1.1729533326337773e-14,1.2018946476494109e-14
1219,1.1694640888277804e-14,1.2010427527330393e-14
1220,1.1606486637329659e-14,1.2002034023746167e-14
1221,1.1868072773111595e-14,1.199355090407612e-14
1222,1.1995435764141997e-14,1.198489473557495e-14
1223,1.1947108248514427e-14,1.197631259775337e-14
1224,1.1702503446199704e-14,1.1967823633555987e-14
1225,1.1603810301207539e-14,1.195941276579634e-14
1226,1.2044494176029425e-14,1.195086018942462e-14
1227,1.1845044030976801e-14,1.1942331414678716e-14
1228,1.1860423210094612e-14,1.1933731235055358e-14
1229,1.1885870807276222e-14,1.1925263531384951e-14
1230,1.1685869303067242e-14,1.1916773466044738e-14
1231,1.1881291094947996e-14,1.1908337695516442e-14
1232,1.157955313260033e-14,1.1900009582875743e-14
1233,1.1574671935835186e-14,1.1891677573883488e-14
1234,1.178695147907615e-14,1.1883276785815914e-14
1235,1.1872649808815709e-14,1.187472022838934e-14
1236,1.1834825162920911e-14,1.18663445972003e-14
1237,1.1683734483578628e-14,1.185797972332969e-14
1238,1.1867633213833947e-14,1.1849523285197483e-14
1239,1.167108895083215e-14,1.1841123682976036e-14
1240,1.1625323887746943e-14,1.1832826402334616e-14
1241,1.1648868439065297e-14,1.1824492275759992e-14
1242,1.1722795958512676e-14,1.1816154845756873e-14
1243,1.2038773374795976e-14,1.1807676892987805e-14
1244,1.1738952730816727e-14,1.1799303294677838e-14
1245,1.1726036850564472e-14,1.1790948924015774e-14
1246,1.1667656392165049e-14,1.1782634109792347e-14
1247,1.1798432832799262e-14,1.1774271099394222e-14
1248,1.1662412529773211e-14,1.176597161646714e-14
1249,1.15950235202259e-14,1.175768060386953e-14
1250,1.1509766299834285e-14,1.1749479800280804e-14
1251,1.1748980516710044e-14,1.1741147875991843e-14
1252,1.1403934572920895e-14,1.1733050918642448e-14
1253,1.1494448073207358e-14,1.1724942780458151e-14
1254,1.1642596270205162e-14,1.1716622291113978e-14
1255,1.1665309323160514e-14,1.1708418861723114e-14
1256,1.1638526115957345e-14,1.1700122766927822e-14
1257,1.1490105818095565e-14,1.1692029536523396e-14
1258,1.1728649549101268e-14,1.1683722938519558e-14
1259,1.1658396966798844e-14,1.167555508451248e-14
1260,1.1542645425281925e-14,1.1667381809494538e-14
1261,1.1833919506823378e-14,1.1659126880500482e-14
1262,1.1755710947335303e-14,1.1650743117795148e-14
1263,1.1383561202842779e-14,1.1642740858729259e-14
1264,1.1463441475025883e-14,1.1634627299534099e-14
1265,1.1503574488989856e-14,1.1626508234624781e-14
1266,1.1489562886917034e-14,1.1618451341933795e-14
1267,1.1438137153467303e-14,1.1610411135791866e-14
1268,1.1469754860509232e-14,1.1602326629826798e-14
1269,1.1480669379784043e-14,1.1594233822938847e-14
1270,1.15621506712924e-14,1.1586107897062657e-14
1271,1.1704616945869034e-14,1.1577964183494575e-14
1272,1.1618043241459807e-14,1.1569850454892826e-14
1273,1.1312312890959212e-14,1.1561841504266652e-14
1274,1.1350593350693914e-14,1.1553923524979015e-14
1275,1.1483239286216342e-14,1.1545831311014125e-14
1276,1.1379375818232817e-14,1.1537910282407876e-14
1277,1.1623963332605087e-14,1.1529798840795086e-14
1278,1.1490940187900257e-14,1.1521739830521729e-14
1279,1.1331095177408547e-14,1.1513765777652983e-14
1280,1.1418435387342734e-14,1.1505858386277185e-14
1281,1.1237785799240118e-14,1.1498024940877682e-14
1282,1.1342341996178895e-14,1.1490101201766002e-14
1283,1.1377267705693032e-14,1.1482187711752984e-14
1284,1.1242888554413273e-14,1.1474285741388049e-14
1285,1.1441546435669012e-14,1.1466373521924452e-14
1286,1.1522395281556974e-14,1.1458366519474057e-14
1287,1.1455090848249446e-14,1.145042507737378e-14
1288,1.133667781062764e-14,1.1442549957953272e-14
1289,1.1495159496179757e-14,1.1434498232163263e-14
1290,1.1270462966622144e-14,1.1426648608434467e-14
1291,1.1223804216014948e-14,1.1418913164746961e-14
1292,1.1127391817347545e-14,1.1411140197499893e-14
1293,1.1406592689364322e-14,1.1403235686036116e-14
1294,1.1342527191462483e-14,1.1395356246747577e-14
1295,1.1249998388036266e-14,1.1387600558972634e-14
1296,1.1178651108823142e-14,1.1379828354055217e-14
1297,1.122160427663335e-14,1.1372039970808508e-14
1298,1.1282589734040076e-14,1.1364297750857425e-14
1299,1.1306125425393802e-14,1.135646354312827e-14
1300,1.1346538934318256e-14,1.1348622813245422e-14
1301,1.0097242950747121e-14,1.1341439211523052e-14
1302,1.0385486085823085e-14,1.1334047578508838e-14
1303,1.1087067704280344e-14,1.1326321536887048e-14
1304,1.1238689998440982e-14,1.1318603542078256e-14
1305,1.1372046908008346e-14,1.131078940902995e-14
1306,1.1156506338742432e-14,1.1303034822397837e-14
1307,1.1152048217993784e-14,1.1295392806444414e-14
1308,1.1201243340998897e-14,1.1287689550008904e-14
1309,1.1117260989896194e-14,1.1280050498670797e-14
1310,1.1069253212265552e-14,1.1272367655729317e-14
1311,1.1102113254060891e-14,1.1264795096477568e-14
1312,1.1028177289695026e-14,1.125714706659022e-14
1313,1.1008174200069802e-14,1.1249534273273477e-14
1314,1.1145578792100892e-14,1.1241886836309192e-14
1315,1.1176448848571269e-14,1.1234257949366452e-14
1316,1.100435705456333e-14,1.122668335723563e-14
1317,1.122618486140551e-14,1.1219028974601176e-14
1318,1.0941331094786668e-14,1.1211423381064485e-14
1319,1.090936519791111e-14,1.1203929257063653e-14
1320,1.0827196750924292e-14,1.1196404809283308e-14
1321,1.1071835570082177e-14,1.1188863166734135e-14
1322,1.1190951263885377e-14,1.1181234279791395e-14
1323,1.1146461679952804e-14,1.1173626822782219e-14
1324,1.0918363364435065e-14,1.1166055195266713e-14
1325,1.0826682534162673e-14,1.1158589870386087e-14
1326,1.1238380509542714e-14,1.1150945990960181e-14
1327,1.1052490633527297e-14,1.1143386306609231e-14
1328,1.1067298963260636e-14,1.1135819930697997e-14
1329,1.1091610511383058e-14,1.1128282946830034e-14
1330,1.0905194356856853e-14,1.1120804662345316e-14
1331,1.1088085287311528e-14,1.1113309776014831e-14
1332,1.0806776218051671e-14,1.1105889174473819e-14
1333,1.0802422756693986e-14,1.1098417835659268e-14
1334,1.100104861163399e-14,1.1090933960757097e-14
1335,1.1081943417529668e-14,1.1083346070209004e-14
1336,1.1046475327408418e-14,1.1075879220669073e-14
1337,1.0905770051269784e-14,1.1068416690997174e-14
1338,1.1077956424976613e-14,1.1060962801061336e-14
1339,1.0894775055394655e-14,1.1053529663432706e-14
1340,1.085226054900717e-14,1.1046080601584667e-14
1341,1.0874496637709924e-14,1.1038656273098688e-14
1342,1.0944309516739097e-14,1.1031239059689467e-14
1343,1.1239753160315058e-14,1.102371240962346e-14
1344,1.0959971003467899e-14,1.1016242510764919e-14
1345,1.0948358901739047e-14,1.1008851470673768e-14
1346,1.0894096200839077e-14,1.1001431207945936e-14
1347,1.1016529807399968e-14,1.0994043217173395e-14
1348,1.0889828950494765e-14,1.0986642351500055e-14
1349,1.0827446947516253e-14,1.0979261391100975e-14
1350,1.0747916372885421e-14,1.0971934979623699e-14
1351,1.0971757593983885e-14,1.0964536316236022e-14
1352,1.064971470182024e-14,1.09572347228241e-14
1353,1.0734543933404267e-14,1.0949935501104431e-14
1354,1.0873429638776598e-14,1.0942544545716575e-14
1355,1.0895019119468076e-14,1.0935215593140457e-14
1356,1.087043336983997e-14,1.092784776175206e-14
1357,1.0731899691360518e-14,1.092057200284503e-14
1358,1.0955277551555517e-14,1.0913192990621728e-14
1359,1.0890133763771163e-14,1.0905860819320412e-14
1360,1.0782113413836353e-14,1.0898549993249366e-14
1361,1.1054631924347627e-14,1.0891170388103001e-14
1362,1.0982115536379384e-14,1.0883854395130977e-14
1363,1.0634454268251304e-14,1.0876610992882532e-14
1364,1.0709468929075496e-14,1.086936318606276e-14
1365,1.0747394253306404e-14,1.086208903651833e-14
1366,1.073426047382847e-14,1.0854815395193668e-14
1367,1.068666858937493e-14,1.0847557847495004e-14
1368,1.0716500513794823e-14,1.0840367300102468e-14
1369,1.0726815545501214e-14,1.0833144141941461e-14
1370,1.0803584436970158e-14,1.0825874396968356e-14
1371,1.0937317352933138e-14,1.0818578478677181e-14
1372,1.0856510901044188e-14,1.0811349730098724e-14
1373,1.0570918174411829e-14,1.0804193064024078e-14
1374,1.0607031186948791e-14,1.0797020304323433e-14
1375,1.073152308357151e-14,1.0789838142557075e-14
1376,1.0634567677492613e-14,1.078268867626248e-14
1377,1.0863757200145312e-14,1.0775465772211358e-14
1378,1.07396859400842e-14,1.0768261502885077e-14
1379,1.0590284761128839e-14,1.0761118558744176e-14
1380,1.0672404147967353e-14,1.0753967144273803e-14
1381,1.0503697758302341e-14,1.0746910173977048e-14
1382,1.0601640144112037e-14,1.0739752745572749e-14
1383,1.0634496645309656e-14,1.0732636313563098e-14
1384,1.05091108748177e-14,1.0725553762871336e-14
1385,1.0695292884026295e-14,1.0718388541763922e-14
1386,1.0771354579217248e-14,1.0711223320656509e-14
1387,1.0708441689868714e-14,1.0704040481263792e-14
1388,1.0598065317791115e-14,1.069700146806552e-14
1389,1.0746515346509345e-14,1.0689859709770746e-14
1390,1.0536845113673388e-14,1.0682753696266345e-14
1391,1.049329438105955e-14,1.0675788290231188e-14
1392,1.0403399553637763e-14,1.066883414973423e-14
1393,1.0664907880973164e-14,1.06617173789114e-14
1394,1.0605281454048989e-14,1.0654667523691402e-14
1395,1.0519090329011048e-14,1.0647676537261238e-14
1396,1.045251563999857e-14,1.0640692411797949e-14
1397,1.049293178319549e-14,1.0633726582246318e-14
1398,1.0550409702578624e-14,1.0626700698058729e-14
1399,1.0572552050145105e-14,1.0619676931453506e-14
1400,1.0610803812403556e-14,1.0612599124146249e-14
1401,9.443371064437353e-15,1.0606304398798729e-14
1402,9.713080339357081e-15,1.0599853904092208e-14
1403,1.0369352784802004e-14,1.0593037152339296e-14
1404,1.0511271528811203e-14,1.0586063445381257e-14
1405,1.0636166926519006e-14,1.0579043405721002e-14
1406,1.0435000938354799e-14,1.0572141188343711e-14
1407,1.043119932743258e-14,1.0565225333735969e-14
1408,1.0477440118102283e-14,1.055828982796385e-14
1409,1.0399080964626516e-14,1.0551409887553072e-14
1410,1.0354516630036348e-14,1.0544525203757789e-14
1411,1.038543927031209e-14,1.0537688885543794e-14
1412,1.0316757908715836e-14,1.0530917365350265e-14
1413,1.0298272685191432e-14,1.0524123398783633e-14
1414,1.0427338449615041e-14,1.0517284115954323e-14
1415,1.0456439808117927e-14,1.0510388928950493e-14
1416,1.029552873042913e-14,1.0503582002779769e-14
1417,1.0503532087128187e-14,1.0496715784302735e-14
1418,1.023709122436071e-14,1.0489965355229592e-14
1419,1.0207654313755771e-14,1.0483226022288059e-14
1420,1.0130863950001613e-14,1.0476584098135459e-14
1421,1.0360307269136298e-14,1.0469810375656266e-14
1422,1.0471995170088766e-14,1.0462947460607727e-14
1423,1.043080362752094e-14,1.0456142228502897e-14
1424,1.0217397056121679e-14,1.0449466507735701e-14
1425,1.013211899871956e-14,1.0442860836593244e-14
1426,1.0517783568931671e-14,1.043597649161114e-14
1427,1.0344014852976075e-14,1.0429227248384124e-14
1428,1.0358176684812422e-14,1.0422456067003773e-14
1429,1.0381432524950705e-14,1.0415716903468827e-14
1430,1.020718748001722e-14,1.040905083887723e-14
1431,1.0378791518572814e-14,1.040231870571575e-14
1432,1.0115706439406098e-14,1.0395765127099547e-14
1433,1.0111895748290685e-14,1.0389205195736241e-14
1434,1.0298381943971298e-14,1.0382578348770103e-14
1435,1.0374986367052875e-14,1.0375819703477372e-14
1436,1.0341651385413682e-14,1.0369159568116406e-14
1437,1.0210184926329646e-14,1.0362518321590164e-14
1438,1.0371908596606061e-14,1.0355824813131076e-14
1439,1.0200610150597178e-14,1.0349231423966354e-14
1440,1.0161088779124419e-14,1.0342653366097977e-14
1441,1.0182162433691679e-14,1.0336057774647591e-14
1442,1.0248251459423191e-14,1.0329415426978519e-14
1443,1.052541426005459e-14,1.0322736656892713e-14
1444,1.0263399347724424e-14,1.0316097612652134e-14
1445,1.0252940591467543e-14,1.0309500157729265e-14
1446,1.0202302005735695e-14,1.0302891776081375e-14
1447,1.0317447757759068e-14,1.0296287460191634e-14
1448,1.0199029383829695e-14,1.0289727105311855e-14
1449,1.0141050215759363e-14,1.0283204528101523e-14
1450,1.0066858388151122e-14,1.0276763520164012e-14
1451,1.0276975862853559e-14,1.027016852163669e-14
1452,9.975469902830146e-15,1.026371658697416e-14
1453,1.0055416658629282e-14,1.025735248962826e-14
1454,1.0186114037208199e-14,1.0250816952813834e-14
1455,1.0206635663463072e-14,1.0244276672614904e-14
1456,1.0184000063200418e-14,1.0237742236943311e-14
1457,1.0054475977719379e-14,1.0231333162147911e-14
1458,1.0264382922382776e-14,1.022482905025583e-14
1459,1.0203821286381538e-14,1.0218314858671677e-14
1460,1.0102823373210221e-14,1.0211818031262942e-14
1461,1.035857820384041e-14,1.0205261911547897e-14
1462,1.0291036686010946e-14,1.0198689698206857e-14
1463,9.965396555034595e-15,1.0192288162004688e-14
1464,1.0036130480749954e-14,1.0185938210109007e-14
1465,1.0072262543057899e-14,1.0179545567752783e-14
1466,1.0060033166068736e-14,1.0173175710582842e-14
1467,1.0016014752683403e-14,1.0166817627170867e-14
1468,1.004440869467973e-14,1.0160434725693537e-14
1469,1.0054250107913664e-14,1.0154044963249336e-14
1470,1.0126820426469658e-14,1.0147553641554758e-14
1471,1.0252859920049646e-14,1.014108400390363e-14
1472,1.0177155071369043e-14,1.0134645028845191e-14
1473,9.909617673629369e-15,1.0128371902837826e-14
1474,9.944004509252792e-15,1.0122118004478363e-14
1475,1.0061238993702117e-14,1.011574704616559e-14
1476,9.970656943039234e-15,1.0109499500553232e-14
1477,1.018607898698484e-14,1.0103035368616261e-14
1478,1.007005476862154e-14,1.0096719043928586e-14
1479,9.930145847448927e-15,1.0090463620909818e-14
1480,1.000780795210141e-14,1.008415585125491e-14
1481,9.850004917816963e-15,1.0077979371706826e-14
1482,9.94222042916698e-15,1.0071722339325458e-14
1483,9.97341320519026e-15,1.0065448874504914e-14
1484,9.856160763642452e-15,1.0059319489988698e-14
1485,1.0031364327999707e-14,1.0053005198180095e-14
1486,1.010335512355385e-14,1.004663813621888e-14
1487,1.0044575111242878e-14,1.0040384491969302e-14
1488,9.941383501322786e-15,1.0034200473827987e-14
1489,1.0081084535199154e-14,1.0027831548394288e-14
1490,9.884781049782944e-15,1.0021633638912638e-14
1491,9.844216142189496e-15,1.0015520009209241e-14
1492,9.76029053382393e-15,1.0009402991374055e-14
1493,1.0006208228736566e-14,1.0003171962904168e-14
1494,9.950606190870067e-15,9.996956943356984e-15
1495,9.87020632326613e-15,9.990786562446121e-15
1496,9.808101740518502e-15,9.984687501709416e-15
1497,9.846322154087573e-15,9.978547952797832e-15
1498,9.90086817903807e-15,9.972430003226405e-15
1499,9.921954810150083e-15,9.966235312469955e-15
1500,9.958479040242277e-15,9.960025713933634e-15
